Slot,Bib
1,721
2,722
3,723
4,724
5,725
6,726
7,727
8,728
9,729
10,730
11,731
12,732
13,733
14,734
15,735
16,736
17,737
18,738
19,739
20,740
21,741
22,742
23,743
24,744
25,745
26,746
27,747
28,748
29,749
30,750
31,751
32,752
33,753
34,754
35,755
36,756
37,757
38,758
39,759
40,760
41,761
42,762
43,763
44,764
45,765
46,766
47,767
48,768
49,769
50,770
51,771
52,772
53,773
54,774
55,775
56,776
57,777
58,778
59,779
60,780
61,781
62,782
63,783
64,784
65,785
66,786
67,787
68,788
69,789
70,790
71,791
72,792
73,793
74,794
75,795
76,796
77,797
78,798
79,799
